{"cameraMode":{"drawMode":0,"name":"Shaded","section":"Shading Mode"},"sceneLighting":false,"audioPlay":false,"sceneViewState":{"showFog":true,"showMaterialUpdate":false,"showSkybox":false,"showFlares":true,"showImageEffects":true,"showParticleSystems":true},"in2DMode":false,"pivot":{"x":3.7633590698242189,"y":69.03443908691406,"z":10.996147155761719},"rotation":{"x":-0.1695372760295868,"y":0.023649198934435846,"z":-0.004068349488079548,"w":-0.9852315783500671},"size":503.5050964355469,"orthographic":false}